"AAPL","MELI","KO","PFE","TM"
1,0.461208954383347,0.357051612823414,0.3029577912932,0.413965755011873
0.461208954383347,1,0.20766620488946,0.17476564823676,0.279379194323672
0.357051612823414,0.20766620488946,1,0.401740027119596,0.3109551399805
0.3029577912932,0.17476564823676,0.401740027119596,1,0.232078922974862
0.413965755011873,0.279379194323672,0.3109551399805,0.232078922974862,1
