"AAPL","MELI","KO","PFE","TM"
1,0.461208894484118,0.357051685101761,0.302958313929387,0.413965645692165
0.461208894484118,1,0.207666519415397,0.174765404226814,0.279378954253034
0.357051685101761,0.207666519415397,1,0.401740398970561,0.310955112865168
0.302958313929387,0.174765404226814,0.401740398970561,1,0.232078698267806
0.413965645692165,0.279378954253034,0.310955112865168,0.232078698267806,1
